STOCK ID,CANTIDAD,PRECIO,IMPUESTO,FECHA,DESCRIPCION AGRUPADOR,ID AGRUPADOR,UNIDAD EMPAQUE, PRECIO UNIDAD EMPAQUE ,TOTAL
,50,,,,ALBENDAZOL 200MG C/2 TAB.,957,,, $-   
,500,,,,PARACETAMOL 500MG C/10 TAB.,712,,, $-   
,50,,,,METOCLOPRAMIDA 10MG C/20 TAB.,565,,, $-   
,300,,,,AMLODIPINO 5MG C/10 TAB.,2593,,, $-   
,200,,,,AMBROXOL SOL. ORAL FCO. C/120ML,22,,, $-   
,20,,,,CLINDAMICINA 300MG C/2ML AMP.,238,,, $-   
,50,,,,OXIDO DE ZINC TUBO CREMA C/30GR,665,,, $-   
,100,,,,METOPROLOL 100MG C/20 TAB.,2627,,, $-   
,200,,,,ENALAPRIL 10MG C/30 TAB.,2679,,, $-   
,100,,,,CAPTOPRIL 25MG C/30 TAB.,2569,,, $-   
,20,,,,KETOROLACO 10MG C/10 TAB.,1202,,, $-   
,5,,,,METRONIDAZOL 2.5GR SUSP. C/120ML,2628,,, $-   
,250,,,,PARACETAMOL ORAL GOTAS C/15ML,2648,,, $-   
,50,,,,GLIBENCLAMIDA 5MG C/50 TAB.,1418,,, $-   
,500,,,,KETOROLACO TROMETAMINA 10MG C/10 TAB.,2692,,, $-   
,50,,,,METRONIDAZOL 500MG C/30 COMP.,2865,,, $-   
,20,,,,METRONIDAZOL 5GR SUSP. C/120ML,1453,,, $-   
,300,,,,TIAMINA + PIRIDOXINA + CIANOCOBALAMINA 100MG/5MG/50MCG C/30 TAB.,2797,,, $-   
,150,,,,IBUPROFENO 200MG C/10 TAB.,2802,,, $-   
,80,,,,RANITIDINA 300MG C/10 COMP.,2663,,, $-   
,80,,,,AMIKACINA 500MG C/1X2ML AMP.,2604,,, $-   
,600,,,,IBUPROFENO 400MG C/10 TAB.,2678,,, $-   
,6,,,,MEBENDAZOL SUSP. FCO. C/30ML,2626,,, $-   
,10,,,,MEBENDAZOL 100MG C/6 TAB.,2600,,, $-   
,20,,,,TRIMETOPRIMA + SULFAMETOXAZOL 80/400MG C/20 TAB.,852,,, $-   
,20,,,,TRIMETOPRIMA + SULFAMETOXAZOL 40MG/200MG/5MG SUSP. FCO. C/120ML,2631,,, $-   
,50,,,,FUROSEMIDA 40MG C/20 TAB.,369,,, $-   
,30,,,,ALBENDAZOL 20MG/ML SUSP. ORAL C/20ML,95,,, $-   
,20,,,,DIFENIDOL 40MG/2ML SOL. INY. C/2 AMP.,273,,, $-   
,20,,,,"BENCILPENICILINA SODICA 1,000,000 UI + 1 FCO. C/2ML AMP. DIL.",707,,, $-   
,2500,,,,OMEPRAZOL 20MG C/14 CAP.,657,,, $-   
,50,,,,"PENICILINA PROCAINICA + BENCILPENICILINA 800,000UI + 1 AMP. DILUYENTE C/2ML",687,,, $-   
,40,,,,DIFENIDOL 25MG C/30 TAB.,2659,,, $-   
,40,,,,RANITIDINA 150MG C/20 TAB.,2630,,, $-   
,30,,,,AMBROXOL 30MG C/20 COMP.,1450,,, $-   
,120,,,,DEXTROMETORFANO 15MG/5ML JARABE FCO. C/60ML,269,,, $-   
,3,,,,HIERRO AMINOQUELADO 20MG/ML SOL. ORAL FCO C/15ML,384,,, $-   
,40,,,,DICLOFENACO SODICO 75MG/3ML SOL. INY. ENV. C/2 AMP.,295,,, $-   
,10,,,,TETRACICLINA 250MG C/16 CAP.,2832,,, $-   
,40,,,,MALEATO DE CLORFENAMINA 4MG C/20 TAB.,1889,,, $-   
,50,,,,NIMESULIDE 100MG C/10 TAB.,628,,, $-   
,30,,,,BENCILPENICILINA 120000000 INYECTABLE,128,,, $-   
,50,,,,KETOCONAZOL TUBO CREMA C/30GR,472,,, $-   
,50,,,,CLORTALIDONA 50MG C/20 TAB.,182,,, $-   
,10,,,,SALBUTAMOL 40MG/100ML JARABE FCO. C/60ML,759,,, $-   
,30,,,,HIDROXIDO DE MAGNESIO 8.5GR SUSP. C/180ML,499,,,
,100,,,,LORATADINA 5MG/5ML SOL. C/60ML,1885,,,
,3,,,,AMPICILINA 250MG SUSP. C/60ML,2781,,,
,150,,,,PREDNISONA 5MG C/20 TAB.,1490,,,
,500,,,,METFORMINA 850MG C/30 TAB.,1897,,,
,180,,,,ALOPURINOL 300MG C/20 TAB.,54,,,
,150,,,,LOSARTAN 50MG C/30 TAB.,2602,,,
,100,,,,ENALAPRIL 5MG C/30 TAB.,1513,,,
,40,,,,NAPROXENO 250MG C /30 TAB.,643,,,
,20,,,,PROPRANOLOL 20MG C/24 TAB.,2976,,,
,150,,,,DICLOFENACO SODICO 100MG LIB. PROL. C/20 GRAGEAS,292,,,
,150,,,,FLUCONAZOL 150MG C/1 CAP.,373,,,
,400,,,,NAPROXENO SODICO + PARACETAMOL 275MG/300MG C/10 TAB.,2647,,,
,30,,,,METFORMINA + GLIBENCLAMIDA 500MG/2.5MG C/30 TAB.,2616,,,
,10,,,,CARBAMAZEPINA SUSP. 2G/100ML,147,,,
,10,,,,NEOMICINA + CAOLIN + PECTINA 36.65MG/500MG SUSP. C/75ML,2629,,,
,40,,,,ACIDO MEFENAMICO 500MG C/20 TAB.,2773,,,
,10,,,,AMPICILINA 1GR I.M. C/1 AMP.,99,,,
,300,,,,BROMURO DE BUTILHIOSCINA + METAMIZOL 10MG/250MG C/10 GRAGEAS,2587,,,
,20,,,,MECLIZINA + PIRIDOXINA + LIDOCAINA C/1 AMP.,2841,,,
,400,,,,METFORMINA 500MG C/30 TAB.,310,,,
,20,,,,ACIDO ACETILSALICILICO 500MG C/20 TAB.,2768,,,
,80,,,,HIERRO ACIDO FOLICO C/30 GRAGEAS,2823,,,
,50,,,,INDOMETACINA 25MG C/30 CAP.,437,,,
,500,,,,ACIDO ACETILSALICILICO 100MG C/30 TAB.,2769,,,
,60,,,,CLOTRIMAZOL 10MG TUBO CREMA C/20GR,1505,,,
,100,,,,AMOXICILINA 500MG C/12 CAP.,98,,,
,40,,,,AMOXICILINA 250MG SUSP. C/75ML,24,,,
,40,,,,AMOXICILINA 500MG SUSP. C/75ML ,2945,,,
,2,,,,MECLIZINA + PIRIDOXINA SOL. GOTAS FCO. C/10ML,2634,,,
,50,,,,BETAMETASONA + CLOTRIMAZOL + GENTAMICINA TUBO CREMA C/25GR,2568,,,
,160,,,,MICONAZOL 2% TUBO CREMA C/20GR,534,,,
,20,,,,ACICLOVIR TUBO CREMA C/5GR,2607,,,
,2,,,,GLICEROL SUP. PED. C/10,331,,,
,30,,,,CLORHIDRATO DE BROMHEXINA JARABE C/100ML,1874,,,
,50,,,,CLORANFENICOL 5MG/ML GOTAS OFT. C/15ML ,2726,,,
,40,,,,NIFEDIPINO 10MG C/20 CAP.,2875,,,
,2,,,,ACEITE DE RICINO FCO. C/60ML,2684,,,
,5,,,,ALFAMETILDOPA 250MG C/30 TAB.,426,,,
,100,,,,DEXTROMETORFANO + GUAIFENESINA JARABE INFANTIL C/120ML,1886,,,
,200,,,,PARACETAMOL JARABE FCO. C/120ML,2691,,,
,40,,,,LIDOCAINA + HIDROCORTISONA TUBO UNG. C/20GR y APLICADOR,2808,,,
,2,,,,ACETONIDO DE FLUOCINOLONA + CLIOQUINOL TUBO CREMA C/30GR,2766,,,
,30,,,,DOMPERIDONA 10MG C/30 TAB.,2649,,,
,4,,,,DEXAMETASONA 0.5MG C/30 TAB.,2777,,,
,20,,,,CLORFENAMINA I 50MG JBE. FCO. C/60ML,1503,,,
,100,,,,CIPROFLOXACINO 250MG C/12 TAB,924,,,
,100,,,,AMANTADINA + CLORFENAMINA + PARACETAMOL 50MG/3MG/300MG C/15 TAB.,2664,,,
,5,,,,BENZONATATO 50MG C/6 SUP.,2783,,,
,30,,,,OXIMETAZOLINA 50MG SOL. NASAL FCO. NEB. C/20ML,230,,,
,40,,,,CLIOQUINOL TUBO CREMA 30GR,2791,,,
,30,,,,OXIMETAZOLINA 25MG SOL. NASAL FCO. NEB. C/20ML,231,,,
,2,,,,CARBONATO DE CALCIO 600MG C/30 TAB.,1480,,,
,5,,,,NAFAZOLINA 5% SOL. OFT. GOTERO FCO. C/15ML ,2597,,,
,120,,,,BROMURO DE BUTILHIOSCINA 10MG C/10 TAB.,131,,,
,10,,,,ACETONIDO DE FLUOCINOLONA TUBO C/30GR,511,,,
,10,,,,DICLOFENACO SODICO 1MG SOL. OFT. FCO. C/5ML,1508,,,
,50,,,,DICLOXACILINA 500MG C/20 CAP.,1510,,,
,100,,,,IBUPROFENO 2GR/100ML SUSP. 120ML,55,,,
,100,,,,GLIMEPIRIDA 4MG C/30 TAB.,1420,,,
,100,,,,NAPROXENO 500MG C/12 TAB.,627,,,
,30,,,,AMPICILINA 500MG C/20 CAP.,2565,,,
,20,,,,DICLOXACILINA 250MG SUSP. FCO. C/60ML,1509,,,
,10,,,,SUBSALICILATO DE BISMUTO SUSP. FCO C/120ML,2868,,,
,80,,,,HIDROCORTISONA CREMA C/30GR,1523,,,
,30,,,,CALAMINA LOCION FCO. 180ML,160,,,
,80,,,,AZITROMICINA 500MG C/3 TAB.,1854,,,
,50,,,,CISAPRIDA 10MG C/30 TAB.,177,,,
,4,,,,METRONIDAZOL 500MG C/10 OVULOS,2612,,,
,20,,,,NAFAZOLINA + HIPROMELOSA OFT. GOTAS FCO C/15ML,1007,,,
,30,,,,ATENOLOL 50MG C/28 TAB.,2782,,,
,5,,,,SECNIDAZOL 500MG C/8 COMP.,553,,,
,5,,,,CLORANFENICOL TUBO OFT. C/5GR,2674,,,
,40,,,,ACIDO RETINOICO TUBO CREMA C/20GR,1432,,,
,40,,,,DEXTROMETORFANO + GUAIFENESINA + FENILEF PED. C/30ML,2815,,,
,100,,,,TRIMETOPRIMA + SULFAMETOXAZOL 160MG/800MG C/14 TAB.,1920,,,
,60,,,,NIFEDIPINO 30MG LIB. PROL. C/30 TAB.,2682,,,
,60,,,,AMANTADINA + CLORFENAMINA + PARACETAMOL FCO. C/60ML,30,,,
,30,,,,FLUCONAZOL 100MG C/10 CAP.,361,,,
,30,,,,CLORANFENICOL + HIDROCORTISONA + BENZOCAINA SOL. OTICA FCO. C/10ML,2794,,,
,5,,,,COLCHICINA 1MG C/20 TAB.,185,,,
,80,,,,FOSFATO SODICO DE DEXAMETASONA 4MG/ML C/1 AMP. DE 2ML,2853,,,
,60,,,,CLONIXINATO DE LISINA 250MG C/10 TAB.,1499,,,
,2,,,,NAPROXENO + PARACETAMOL 100MG/200MG C/5 SUP.,1153,,,
,30,,,,AMANTADINA + CLORFENAMINA + PARACETAMOL + FENILEFRINA SOL. FCO. C/60ML,2780,,,
,120,,,,CIPROFLOXACINO 500MG C/12 COMP.,2885,,,
,200,,,,MELOXICAM 7.5MG C/14 TAB.,2623,,,
,200,,,,MELOXICAN + METOCARBAMOL 15MG/215MG C/10 CAP.,2801,,,
,40,,,,METFORMINA + GLIBENCLAMIDA 500MG/5MG C/60 TAB.,1867,,,
,20,,,,DIMETICONA GOTAS C/30ML,323,,,
,300,,,,LORATADINA 10MG C/20 GRAGEAS,496,,,
,60,,,,FURAZOLIDONA + CAOLIN Y PECTINA SUSP. C/120ML,2835,,,
,50,,,,TIAMAZOL 5MG C/20 TAB.,1098,,,
,5,,,,CISAPRIDA FCO C/60ML,691,,,
,20,,,,ESPIRONOLACTONA 25MG C/30 TAB.,2572,,,
,10,,,,DICLOXACILINA 250MG C/20 CAP.,85,,,
,10,,,,"ACIDO ASCORBICO + VITAMINA A + ERGOCALCIFERO VIT. A,C,D SOL. GOTAS C/15ML",2770,,,
,500,,,,PANTOPRAZOL 40MG C/14 GRAGEAS,1479,,,
,5,,,,FENITOINA SODICA SUSP. C/237ML,2833,,,
,40,,,,PREDNISONA 20MG C/30 TAB.,642,,,
,30,,,,ALENDRONATO SODICO 70MG C/4 TAB.,1945,,,
,40,,,,LEVONORGESTREL + ETINILESTRADIOL 0.15MG/.03MG C/21 GRAGEAS,2693,,,
,10,,,,YODOPUVIDONA BUCOFARINGEO SOL. FCO. C/120ML ,793,,,
,20,,,,NAPROXENO SODICO + PARACETAMOL 125MG/100MG SUSP. FCO.  C/80ML,1912,,,
,200,,,,DICLOFENACO 1.160% GEL C/60GR,371,,,
,150,,,,KETOROLACO 30MG SUBLINGUAL C/4 TAB.,1431,,,
,80,,,,KETOPROFENO 100MG C/15 CAP.,463,,,
,4,,,,HIPROMELOSA SOL. OFT GOTAS C/15ML,1437,,,
,2,,,,METILPREDNISOLONA 40MG/ML SUSP. INY. C/1 AMP.,2765,,,
,10,,,,CINARIZINA 75MG ENV. C/60 TAB.,237,,,
,50,,,,FLUOXETINA 20MG C/14 CAP.,2570,,,
,150,,,,ACIDO FOLICO 5MG C/50 TAB.,52,,,
,50,,,,ITRACONAZOL 100MG C/15 CAP.,443,,,
,200,,,,KETOROLACO + TRAMADOL 10MG/25MG C/10 CAP.,2796,,,
,100,,,,DICLOFENACO SODICO + B1 + B6 +B12 50MG/50MG/50MG/0.25MG C/30 GRAGEAS,377,,,
,100,,,,LORATADINA + FENILEFRINA SOL. INF. C/60ML,2618,,,
,1,,,,DIMENHIDRINATO 25GR SUP. INF. C/5 SUPOSITORIOS,2651,,,
,1,,,,KETOCONAZOL 2G/100ML SUSP.,690,,,
,50,,,,AMBROXOL GOTAS FCO. C/30ML,23,,,
,2,,,,CEFALEXINA 125MG/5ML SUSP.,1482,,,
,30,,,,CEFALEXINA 250MG/5ML SUSP.,1483,,,
,150,,,,CLORHIDRATO DE PAROXETINA 20MG C/10 TAB.,1877,,,
,150,,,,ALUMINIO + MAGNESIO + DIMETICONA SUSP. FCO. C/360ML (MENTA),700,,,
,1,,,,HIDRALAZINA 10MG C/20 TAB.,2756,,,
,5,,,,PREDNISONA 50MG C/20 TAB.,689,,,
,60,,,,RAMIPRIL 2.5MG C/16 TAB.,1928,,,
,30,,,,BETAMETASONA TUBO C/30GR,2784,,,
,100,,,,CEFALEXINA 500MG C/20 CAP.,169,,,
,200,,,,IBUPROFENO + PARACETAMOL 325MG C/20 TAB.,2608,,,
,50,,,,CLINDAMICINA 300MG C/16 CAP.,2680,,,
,20,,,,PANCREATINA+ESTRACTO SECO BILIS BUEY+DIMETILPOLISILOXANO 130/50/40/MG C/30 GRAGEAS,3014,,,
,100,,,,PARACETAMOL 750MG C/10 TAB.,2582,,,
,40,,,,SALBUTAMOL 100MCG SPRAY C/ 200 DOSIS,2696,,,
,10,,,,DINITRATO DE ISOSORBIDA 5MG C/20 TAB.,2859,,,
,50,,,,ACETONIDO DE FLUOCINOLONA + NISTATINA + METRONIDAZOL C/10 OVULOS,53,,,
,40,,,,CLORHIDRATO DE BENCIDAMINA 45MG SOL. C/30ML,2668,,,
,80,,,,CLORHIDRATO DE TRAMADOL 50MG C/10 CAP.,976,,,
,80,,,,HIDROCLOROTIAZIDA 25MG C/20 TAB.,81,,,
,50,,,,RANITIDINA 40MG FCO C/30ML,1930,,,
,2,,,,ESTOLATO DE ERITROMICINA 125MG SUSP. PED. C/100ML,1906,,,
,300,,,,LORATADINA + AMBROXOL 5MG/30MG/5ML JBE. C/120ML,376,,,
,65,,,,BENZONATATO 100MG C/20 PERLAS,2880,,,
,10,,,,BROMOCRIPTINA 2.5MG C/14 TAB.,2785,,,
,50,,,,CLOTRIMAZOL 20GR CREMA C/3 APLICADORES,334,,,
,33,,,,BIFONAZOL TUBO CREMA C/20GR,1271,,,
,10,,,,FOSFATO MONOSODICO 12GR + CIDRATO DE SODI ENEMA EVACUANTE C/133ML,378,,,
,30,,,,TRIMEBUTINA 2GR/100ML SUSP. JUNIOR FCO C/100ML,218,,,
,40,,,,TRIMEBUTINA 200MG C/20 TAB,3037,,,
,6,,,,DIMENHIDRINATO 50MG C/20 TAB.,2652,,,
,4,,,,ACICLOVIR COMPRIMIDOS 200MG C/25 COMP.,1424,,,
,30,,,,FENITOINA SODICA 100MG C/50 CAP.,2834,,,
,60,,,,DICLOFENACO POTASICO 15MG SUSP. GOTAS C/20ML,2611,,,
,26,,,,DOXICICLINA 100MG C/10 CAP.,283,,,
,15,,,,ALCOHOL POLIVINILICO 14MG/ML SOL.OFT. C/15ML,7,,,
,10,,,,AMOXICILINA/ACIDO CLAVULANICO 200MG/285MG/5ML FCO. C/40ML,1852,,,
,50,,,,CETIRIZINA 10MG C/10 TAB.,884,,,
,70,,,,DICLOFENACO POTASICO 0.18MG/100 SUSP. FCO C/120ML,2807,,,
,25,,,,KETOCONAZOL 2/100ML SHAMPOO C/1,840,,,
,100,,,,PSYLLIUM PLANTAGO C/400GR,674,,,
,10,,,,DILTIAZEM 180MG LIB. PROL. C/12 TAB.,2818,,,
,30,,,,ALUMINIO + MAGNESIO + DIMETICONA C/50 TAB. (MENTA),699,,,
,25,,,,CLORHIDRATO DE TRAMADOL 100MG/ML GOTAS C/10ML,1880,,,
,50,,,,LORATADINA + BETAMETASONA 10MG/5MG SOL. C/60ML,2876,,,
,20,,,,RANITIDINA 150MG JARABE FCO. C/200ML,1494,,,
,25,,,,CLORHIDRATO DE AMIODARONA 200MG C/20 TAB.,2795,,,
,10,,,,MICONAZOL 400MG C/3 OVULOS,1904,,,
,250,,,,ATORVASTATINA 10MG C/20 TAB.,2762,,,
,100,,,,BROMURO DE PINAVERIO 100MG C/14 TAB.,294,,,
,13,,,,PENTOXIFILINA 400MG C/30 GRAGEAS,669,,,
,10,,,,NORFENILEFRINA SOL. GOTAS FCO. C/24ML,2,,,
,1,,,,RIFAMPICINA 300MG C/16 CAP.,333,,,
,30,,,,FINASTERIDE 5MG C/30 GRAGEAS,2694,,,
,150,,,,BEZAFIBRATO 400MG C/10 TAB.,1858,,,
,20,,,,DILTIAZEM 120MG LIB. PROL. C/20 TAB.,2817,,,
,250,,,,ATORVASTATINA 20MG C/10 TAB.,2761,,,
,38,,,,AMOXICILINA + ACIDO CLAVULANICO 500MG/125MG C/10 TAB.,1454,,,
,70,,,,LACTULOSA 66.66GR JARABE FCO. C/125ML,1881,,,
,10,,,,ACIDO ASCORBICO + VITAMINA + VITAMINA C 1GR C/10 TAB.,2772,,,
,120,,,,METACARBAMOL + PARACETAMOL 400/350MG C/30 TAB.,201,,,
,150,,,,SERTRALINA 50MG C/14 TAB. RANURADAS,1497,,,
,53,,,,TIAMINA+PIRIDOXINA + DEXAMETASONA + CIANOCOBALAMINA + LIDOCAINA NO1 - 3 Y NO - 3 C/JGA AMP.,2809,,,
,6,,,,TERAZOSINA 2MG ENV. C/20 TAB.,837,,,
,10,,,,ACICLOVIR UNGUENTO OFTALMICO 3GR  EN 100GR TUBO,2767,,,
,75,,,,CLORHIDRATO DE BENCIDAMINA TUBO CREMA C/60GR,57,,,
,40,,,,NITROFURANTOINA 100MG C/40 CAP.,546,,,
,10,,,,CALCIO 500MG ENV. C/12 COMP.,209,,,
,30,,,,FEXOFENADINA 120MG C/10 COMP.,93,,,
,15,,,,LIDOCAINA + HIDROCORTISONA + SUBACETATO C/12 SUP.,896,,,
,10,,,,TEOFILINA 100MG C/20 CAP.,2831,,,
,22,,,,TIAMINA + PIRIDOXINA + CIANOCOBALAMINA Y DICLOFENACO SODICO NO1 - 3 Y NO - 3 C/JGA AMP.,2803,,,
,14,,,,ATENOLOL 100MG C/28 TAB.,849,,,
,20,,,,CETIRIZINA SOL. FCO. C/50ML,885,,,
,10,,,,HIERRO DEXTRAN 100MG/2ML SOL. INY. C/3 AMP.,425,,,
,40,,,,GABAPENTINA 400MG C/15 CAP.,148,,,
,100,,,,LORATADINA + BETAMETASONA 5.0MG/0.25MG C/10 TAB.,1440,,,
,5,,,,ERITROMICINA 250MG/5ML SUSP. C/100ML,2564,,,
,33,,,,CLORURO DE SODIO Y GLICEROL 30ML ADTO. SOL. FCO C/30ML,2754,,,
,25,,,,ACIDO NALIDIXICO + FENAZOPIRIDINA 500MG/50MG C/20 TAB.,2775,,,
,44,,,,CITRATO DE SILDENAFIL 50MG C/4 TAB.,2790,,,
,5,,,,TOLNAFTATO 1% SOL. FCO C/20ML,824,,,
,8,,,,ESTOLATO DE ERITROMICINA 500MG C/20 TAB.,1905,,,
,16,,,,CLARITROMICINA 500MG C/10 TAB.,2092,,,
,30,,,,OXCARBAZEPINA 300MG C/20 GRAGEAS,833,,,
,5,,,,NITAZOXANIDA 500MG C/6 COMP.,2972,,,
,5,,,,"NISTATINA 2,400,000UI SUSP. FCO. C/24ML",2846,,,
,100,,,,SENOSIDOS A-B 374MG C/30 TAB.,789,,,
,36,,,,TRIMEBUTINA 200MG C/40 TAB.,330,,,
,20,,,,CIPROFLOXACINO SOL. OFT. GOTAS C/5ML,1493,,,
,36,,,,CLORHIDRATO DE TRAMADOL 100MG C/10 TAB.,855,,,
,7,,,,DEXAMETASONA + TOBRAMICINA UNGUENTO OFT. TUBO C/3.5GR,2676,,,
,18,,,,AZITROMICINA 600MG FCO. SUSP. C/15ML,1855,,,
,100,,,,AMOXICILINA + ACIDO CLAVULANICO 875MG/125MG C/10 TAB.,1452,,,
,25,,,,KETOCONAZOL POLVO TALCO FCO. C/60GR,191,,,
,21,,,,MONTELUKAST 4MG C/10 SOBRES,1641,,,
,10,,,,CIPROTERONA + ETINILESTRADIOL 2MG/.035MG C/21 GRAGEAS ,1522,,,
,21,,,,DILTIAZEM 30MG C/30 COMPS.,2857,,,
,42,,,,LEVOFLOXACINO 500MG C/7 TAB.,2621,,,
,2,,,,ISONIAZIDA 100MG C/200 TAB.,2009,,,
,11,,,,LATANOPROST 0.005% SOL. OFT. FCO. C/2.5ML,2862,,,
,15,,,,VALPROATO DE MAGNESIO 200MG C/40 TAB.,2838,,,
,33,,,,FEXOFENADINA 180MG C/10 COMP.,2844,,,
,1,,,,DROPROPIZINA 20MG C/8 SUP.,2962,,,
,60,,,,DESLORATADINA 50MG JARABE FCO C/120ML,69,,,
,33,,,,AMANTADINA + CLORFENAMINA + PARACETAMOL SOL. PED. GOTAS C/30ML,31,,,
,1,,,,ETAMBUTOL 400MG C/50 TAB.,2701,,,
,100,,,,ATORVASTATINA 40MG C/10 TAB.,2763,,,
,44,,,,DIFENHIDRAMINA + GUAIFENESINA 28MG JARABE FCO C/150ML,114,,,
,20,,,,CITRATO DE TAMOXIFENO 20MG C/15 TAB.,625,,,
,61,,,,TAMSULOSINA 0.4MG C/20 CAP.,2603,,,
,120,,,,VITAMINAS + MINERALES PRENATALES C/30 TAB.,1678,,,
,30,,,,MUPIROCINA UNGUENTO 2% TUBO C/15GR,2657,,,
,11,,,,CEFUROXIMA 250MG/5ML SUSP. C/50ML,2615,,,
,59,,,,POLIVITAMINAS CON MINERALES C/30 CAP.,886,,,
,5,,,,NORFLOXACINO 400MG C/20 GRAGEAS,633,,,
,50,,,,PIOGLITAZONA 30MG C/7 TAB.,914,,,
,1,,,,ONDANSETRON 8MG SOL. INY. C/3 AMP. DE 4ML,293,,,
,4,,,,FORMULA LACTEA DE TERMINO DE 0 A 6 (ETAPA 1) LATA C/350GR,2739,,,
,14,,,,ACICLOVIR 400MG C/35 COMP.,545,,,
,14,,,,PERMETRINA EMULSION C/120 APLICACIONES,2481,,,
,64,,,,INDOMETACINA + METOCARBAMOL + BETAMETASONA 25/215/75MG C/20 TAB.,2660,,,
,15,,,,LEVAMISOL 50MG C/2 TAB.,1536,,,
,10,,,,ONDANSETRON 8MG C/10 TAB.,2843,,,
,15,,,,CALCITRIOL 0.25MCG C/50 CAP.,1862,,,
,5,,,,SENOSIDOS AB 200MG/100ML SOL. FCO. C/75ML,892,,,
,37,,,,GABAPENTINA 300MG C/30 CAP.,2643,,,
,73,,,,CINITAPRIDA 1MG C/25 COMP.,2788,,,
,30,,,,LEVOFLOXACINO 750MG C/7 TAB.,2737,,,
,19,,,,MONTELUKAST SODICO 5MG C/20 COMP.,779,,,
,10,,,,DIMENHIDRINATO JARABE FCO. C/120ML,284,,,
,1,,,,CITRATO DE SODIO + LAURILSULFOACETATO DE SODIO SUSP. CON 4 ENEMAS EN APLICADOR DESECHABLE DE 5,538,,,
,17,,,,ACICLOVIR 200MG/5ML FCO. C/120ML,501,,,
,6,,,,OXCARBAZEPINA 600MG C/20 GRAGEAS,1724,,,
,9,,,,DROPROPIZINA 30MG C/15 TAB. ,2413,,,
,10,,,,PROPRANOLOL 10MG C/50 TAB.,3029,,,
,24,,,,METOTREXATO 2.5MG C/50 TAB.,2504,,,
,5,,,,DEXAMETASONA + FENILEFRINA SOL. OFT. FCO. C/10ML,1506,,,
,15,,,,GEMFIBROZILO 600MG C/14 TAB.,945,,,
,20,,,,CLARITROMICINA 250MG SUSP. PED. FCO. C/60ML GRANULOS,467,,,
,63,,,,LEVOTIROXINA SODICA 25MCG C/50 TAB.,343,,,
,12,,,,MEBENDAZOL+ QUINFAMIDA 300MG/150MG C/2 TAB.,2601,,,
,25,,,,VITAMINA A + OXIDO ZINC + ACIDO BORICO + ALANTOINA POMADA TUBO C/60GR,418,,,
,2,,,,"PENICILINA CLEMIZOL + BENCILPENICILINA SODICA 1,000,000UI + 1 AMP. DE DILUYENTE",26,,,
,20,,,,TIBOLONA 2.5MG C/30 TAB.,2658,,,
,1,,,,SULFATO DE ATROPINA 1% SOL. OFT. FCO. C/15ML,40,,,
,3,,,,DROPROPIZINA JARABE C/120ML,2230,,,
,34,,,,CLOPIDOGREL 75MG C/28 TAB.,692,,,
,12,,,,OLANZAPINA 5MG C/14 TAB.,599,,,
,5,,,,METRONIDAZOL + DIYODOHIDROXIQUINOLEINA 2.5GR/2GR SUSP. PED. FCO. C/120ML,56,,,
,4,,,,MALEATO DE TIMOLOL SOL. OFT. 5% C/15ML,451,,,
,40,,,,TOPIRAMATO 100MG C/20 TAB.,2837,,,
,60,,,,LOSARTAN + HIDROCLOROTIAZIDA 50MG/12.5MG C/30 COMP.,2620,,,
,4,,,,PERFENAZINA 4MG C/30 TAB.,587,,,
,3,,,,DIAZEPAM 10MG C/20 COMP. (II),598,,,
,4,,,,TRIBENOSIDO + LIDOCAINA 400MG C/5 SUP.,681,,,
,30,,,,PERMETRINA  5% SHAMPOO C/60ML,641,,,
,1,,,,ORCIPRENALINA 20MG C/30 TAB.,2007,,,
,1,,,,CLORPROMAZINA 25MG C/50 COMP. (III),522,,,
,25,,,,DEXAMETASONA 1MG/ML SOL. OFT. GOTAS C/5ML,2814,,,
,37,,,,NEOMICINA + CAOLIN + PECTINA 129MG/280MG C/20 TAB.,459,,,
,1,,,,CICLOPENTOLATO1% SOL. OFT. FCO. C/5ML (III),745,,,
,50,,,,ESTROGENOS CONJUGADOS 0.625MG C/42 TAB.,2855,,,
,70,,,,HIDROXIPROPILMETILCELULOSA + DEXTRAN SOL OFT. GOTAS FCO C/15ML,613,,,
,18,,,,OLANZAPINA 10MG C/14 TAB.,1548,,,
,40,,,,HIDROXIPROPILMETILCELULOSA + DEXTRAN UNGUENTO TUBO C/3.5GR,612,,,
,50,,,,MONTELUKAST SODICO 10MG C/20 COMP.,778,,,
,4,,,,FUROSEMIDA 20MG C/36 TAB.,484,,,
,75,,,,DESLORATADINA 5MG C/30 TAB.,45,,,
,5,,,,CLORMADINONA + MESTRANOL 2MG/80MCG C/21 TAB.,764,,,
,10,,,,"RETINOL (VITAMINA A) 50,000UI C/40 CAP.",2867,,,
,100,,,,DIMETICONA + GUAIAZULENE C/14 SOBRES,2689,,,
,50,,,,DIMETICONA PANCREATINA 170MG/80MG C/30 GRAGEAS,1094,,,
,50,,,,TRIBENOSIDO + LIDOCAINA TUBO C/30GR,680,,,
,29,,,,ALPRAZOLAM 0.25MG C/30 TAB. (II),2778,,,
,25,,,,CLONAZEPAM 2.5MG/1ML GOTAS 10ML (II),468,,,
,34,,,,TERBINAFINA 250MG C/28 TAB.,2847,,,
,1,,,,CLORURO DE SODIO 10% SOL OFT. FCO. 10ML,415,,,
,1,,,,CLORPROMAZINA 100MG C/20 COMP. (lll),2599,,,
,10,,,,CARBONATO DE LITIO 300MG C/50 TAB.,243,,,
,20,,,,DANAZOL 100MG C/50 TAB.,2810,,,
,15,,,,AMITRIPTILINA 25MG C/50 TAB.,84,,,
,1,,,,TROPICAMIDA FENILEFRINA GOTAS. OFT. C/15ML,808,,,
,5,,,,CLORURO DE SODIO 5% UNGUENTO OFT. TUBO 5GR,417,,,
,15,,,,SULFADIACINA DE PLATA MICRONIZADA 1% CREMA TUBO C/30GR,67,,,
,20,,,,ACIDO ASCORBICO 500MG C/100 TAB.,175,,,
,60,,,,METOTREXATO 50/2ML SOL. INY. C/1 AMP.,847,,,
,1,,,,LEVODOPA + CARBIDOPA 250MG/25MG C/100 TAB.,576,,,
,5,,,,NITROFURAL POMADA TUBO C/85GR,368,,,
,5,,,,CLORURO DE SODIO 5% SOL OFT. FCO. 10ML,416,,,
,10,,,,BROMAZEPAM 3MG C/30 TAB.,588,,,
,4,,,,CLORHIDRATO AMITRIPTILINA + DIAZEPAM + PERFENACINA 10MG/3MG/2MG C/30 TAB.,574,,,
,50,,,,IVERMECTINA 6MG C/2 TAB.,442,,,
,4,,,,RIMANTADINA 100MG C/14 CAP.,2393,,,
,100,,,,AGUA DE MAR HIPERTONICA ESTERIL 125ML DOSIFICADOR INTERCAMBIABLE AD. Y NINO FCO. C/90 DISP. Y 1,2552,,,
,90,,,,IPRATROPIO + SALBUTAMOL MONODOSIS 0.5MG/2.5MG NEBUL. C/10 AMP.,187,,,
,3,,,,DAPSONA 50MG C/50 TAB.,1668,,,
,25,,,,ACETONIDO DE FLUOCINOLONA + POLIMIXINA B + NEOMICINA + LIDOCAINA SOL. OTICAS FCO. C/15ML,775,,,
,1,,,,SULFONATO SODICO DE CARBAZOCROMO + VITAMINA K JARABE FCO C/200ML,413,,,
,30,,,,ETOFENAMATO TUBO CREMA C/40GR,112,,,
,21,,,,PRAZOSINA 1MG C/30 COMP.,539,,,
,10,,,,PIROXICAM 10MG C/20 CAP.,1079,,,
,150,,,,CITRATO DE CALCIO + VITAMINA D3 315MG C/60 TAB.,1361,,,
,1,,,,RIMANTADINA 1GR/100ML SOL. FCO. C/120ML,2586,,,
,10,,,,BENZOATO DE ESTRADIOL + PROGESTERONA JER. 5MG/50MG C/1ML,532,,,
,70,,,,LEVOTIROXINA SODICA 50MCG C/50 TAB.,937,,,
,1,,,,LEVOCETIRIZINA 5MG C/10 TAB.,2800,,,
,50,,,,DEFLAZACORT 6MG C/20 TAB.,2811,,,
,6,,,,ACETATO DE CALCIO + SULFATO DE ALUMINIO C/12 SOBRES,280,,,
,1,,,,POLICRESULENO + CINCOCAINA 5GR/1GR/100GR UNGUENTO TUBO C/50GR,2975,,,
,20,,,,AMINOFENAZONA + BUFENINA + DIFENILPIRALI C/20 CAP.,363,,,
,20,,,,AMINOFENAZONA + BUFENINA + DIFENILPIRALI SOL. GOTAS C/25ML,362,,,
,10,,,,FLOROGLUCINOL + TRIMETILFLOROGLUCINOL 80MG/80MG C/20 CAP.,2840,,,
,10,,,,ALPRAZOLAM 0.50MG C/30 TAB. (II),2779,,,
,150,,,,CARBONATO DE CALCIO + VITAMINA D3 600MG C/60 TAB.,2786,,,
,5,,,,TROMANTADINA TUBO GEL C/10GR,878,,,
,14,,,,EMOLIENTE Y HUMECTANTE CON UREA AL 10% LOCION FCO. C/120ML,648,,,
,1,,,,MESALAZINA 500MG C/10 SUP.,2970,,,
,2,,,,CLORHIDRATO DE METILFENIDATO 10MG C/30 COMP. (III),592,,,
,21,,,,CLORHIDRATO DE IMIPRAMINA 25MG C/20 TAB.,2367,,,
,2,,,,PILOCARPINA 2% SOL. OFT. FCO. C/15ML,695,,,
,10,,,,CLORHIDRATO DE BIPERIDENO 2MG C/30 TAB.,2798,,,
,12,,,,BETAMETASONA + GENTAMICINA TUBO CREMA C/30GR,276,,,
,300,,,,PARACETAMOL 1GR C/20 TAB.,810,,,
,10,,,,FLEET FOSFOSODA SOL. ORAL C/45ML,2965,,,
,150,,,,MAGALDRATO + DIMETICONA 8GR/1GR C/250ML,2591,,,
,2,,,,POLICRESULENO 0.09 GR C/6 OVULOS,12,,,
,38,,,,MECLIZINA + PIRIDOXINA 25MG/50MG C/25 TAB.,2635,,,
,1,,,,CLORHIDRATO DE BUPRENORFINA 0.2MG C/10TAB. SUBLINGUAL (II),595,,,
,10,,,,BETAMETASONA PEDIATRICA  50MG GOTAS FCO. C/60ML,171,,,
,22,,,,PLANTAGO OVATA + SENNA ANGUSTIFOLIA 2.71 GR/0.62 GR FCO. GRANULADO C/100GR,11,,,
,20,,,,MECLIZINA + PIRIDOXINA JARABE FCO. C/120ML,124,,,
,39,,,,CLONAZEPAM 2MG C/30 COMP. (II),2410,,,
,10,,,,MEDROXIPROGESTERONA 10MG C/10 TAB.,1555,,,
,150,,,,DIMETICONA + PANCREATINA + EXTRACTO SECO BILIS DE BUEY CELULOSA DEL ASPERGILLUS NIGER CON CAPA E C/50 GRAGEAS,327,,,
,10,,,,VERAPAMILO 40MG C/30 TAB.,274,,,
,14,,,,PEROXIDO DE BENZOILO 5% TUBO GEL C/60GR,116,,,
,5,,,,COMPLEJO B SOL. INY. FCO. C/10ML,189,,,
,5,,,,MESALAZINA 250MG C/30 SUP.,760,,,
,1,,,,FORMULA PREMATUROS FORMULA LACTEA LATA C/400GR,1022,,,
,85,,,,LEVOTIROXINA SODICA 75MCG C/50 TAB.,938,,,
,5,,,,ERDOSTEINA SOL. C/90ML,2963,,,
,70,,,,POLIETILENGLICOL FCO. POLVO C/255GR,256,,,
,15,,,,BROMURO DE PIRIDOSTIGMINA 60MG C/20 TAB.,531,,,
,1,,,,HIALUNORATO DE ZINC GEL C/15GR,1410,,,
,3,,,,HALOPERIDOL 5MG C/20 TAB.,584,,,
,47,,,,BETAMETASONA + FOSFATO SODICO 2.71/3MG C/1 JER. PRELLENADA,208,,,
,5,,,,ACIDO ACEXAMICO 5GR/100GR UNGUENTO TUBO C/40GR,726,,,
,9,,,,NAN A.R FORMULA LACTEA LATA C/400GR,634,,,
,1,,,,BROMAZEPAM 6MG C/30 TAB.,1471,,,
,20,,,,BUDESONIDA 0.125MG/ML NEBUL. C/5 AMP. SOBRE 2ML,1008,,,
,10,,,,LEVOCETIRIZINA GOTAS C/10ML,2736,,,
,15,,,,VALPROATO DE MAGNESIO 400MG C/20 TAB.,71,,,
,7,,,,PEROXIDO DE BENZOILO 10% TUBO GEL C/60GR,115,,,
,1,,,,MALEATO DE ERGOMETRINA 0.2MG C/20 TAB.,344,,,
,10,,,,NIFEDIPINO 20MG LIB. PROL. C/28 COMP.,8,,,
,5,,,,CICLOPIROX CREMA CUTANEA 20GR,2730,,,
,1,,,,PIRIMETAMINA 25MG C/30 TAB.,2974,,,
,4,,,,DIGOXINA 0.25MG C/60 TAB.,2816,,,
,1,,,,ACETAZOLAMIDA 250MG C/30 TAB.,3,,,
,150,,,,AMOXICILINA + ACIDO CLAVULANICO 600MG SUSP. C/50ML,1003,,,
,20,,,,SOL. ESTERILIZANTE + ANTISEPTICA DE SUPEROXIDACION FCO. C/240ML,1310,,,
,20,,,,"INSULINA HUMANA RAPIDA 1,000UI FCO. C/10ML",2639,,,
,5,,,,OXIMETAZOLINA + HIALURONATO DE SODIO OFTENO 1MG/0.125GR/0.5ML C/20 AMP.,1248,,,
,30,,,,LACTOBACILLUS CASEI VARIEDAD RHAMNOSUS 250MG C/12 CAP.,510,,,
,50,,,,PARGEVERINA + CLONIXINATO DE LISINA 10MG/125MG C/20  COMP.,694,,,
,15,,,,LAMOTRIGINA 25MG C/28 TAB. DISP.,709,,,
,50,,,,MEDIAS ELASTICAS MED. COMP DEBAJO DE LA RODILLAS MATERIAL DE CURACION (MEDIANA),1893,,,
,7,,,,ITRACONAZOL + SECNIDAZOL C/12 CAP.,1370,,,
,50,,,,METFORMINA 1GR C/30 TAB.,2872,,,
,2,,,,PREDNISOLONA 10MG SUSP. OFT. C/5ML,784,,,
,3,,,,CLEBOPRIDA JBE. FCO. C/90ML,2671,,,
,6,,,,DOMPERIDONA SUSP. C/60ML,1011,,,
,1,,,,CLORHIDRATO DE TRIHEXIFENIDILO 5MG C/50 TAB.,585,,,
,2,,,,CLINDAMICINA 75MG/5ML FCO. GRANULADO PARA 100ML,260,,,
,1,,,,FLUOROMETOLONA 1% SOL. OFT. FCO. C/5ML,379,,,
,1,,,,RIFAMICINA SOL. SPRAY C/20ML,753,,,
,1,,,,FORMULA INFANTIL DE AISLADO NAN SOYA C/366GR,639,,,
,5,,,,OXIBUTININA 100MG/100ML FCO C/120ML,614,,,
,1,,,,TESTOSTERONA + ESTRADIOL 100MG/5MG C/1 JER. PRELLENADA,266,,,
,50,,,,DICLOFENACO POTASICO 25MG C/20 GRAGEAS,165,,,
,7,,,,LACTULOSA + PARAFINA LIQUIDA + PARAFINA BLANCA GEL ORAL FCO. C/150GR,2968,,,
,30,,,,DESOGESTREL 0.075MG C/28 TAB.,2225,,,
,39,,,,5-MONONITRATO DE ISOSORBIDA 60MG C/20 TAB.,446,,,
,2,,,,HALOPERIDOL 2MG SOL. FCO. C/15ML,583,,,
,17,,,,NAN H A 1 FORMULA LACTEA HIPOALERGENICA BIFIDUS LATA PVO. C/400GR,608,,,
,10,,,,VERALIPRIDA 100MG C/20 CAP.,4,,,
,25,,,,CETIRIZINA SOL 10MG/ML C/10ML,871,,,
,1,,,,ETOFAMIDA 2GR/100MG SUSP. FCO. C/130ML,461,,,
,10,,,,SILIMARINA 70MG C/20 COMP.,2151,,,
,5,,,,ACIDO SALICILICO + ACIDO LACTICO + SOL. 26%/15% FCO. C/15ML,3031,,,
,28,,,,ORFENADRINA + PARACETAMOL 35MG/450MG C/50 TAB.,620,,,
,25,,,,KETOROLACO + TRAMADOL 10MG/25MG SUBLINGUAL C/4 TAB.,2656,,,
,11,,,,BUDESONIDA 0.250MG/ML NEBUL. C/5 AMP. SOBRE 2ML,719,,,
,10,,,,ACIDO ACEXAMICO + NEOMICINA UNGUENTO 5GR/0.4GR EN 100GR TUBO C/40GR,727,,,
,27,,,,NEOMICINA + POLIMIXINA B + BACITRACINA UNGUENTO DERMICO TUBO C/30GR,2592,,,
,4,,,,RISPERIDONA 1MG/ML SOL. FCO. C/60ML,2139,,,
,1,,,,DOXICICLINA 50MG C/28 CAP.,2828,,,
,2,,,,MOMETASONA 1% SOL. FCO. C/30ML,1660,,,
,10,,,,ALLIUM CEPAE + ALANTOINA TUBO GEL C/20GR,528,,,
,1,,,,PINDOLOL 5MG C/20 COMP.,873,,,
,100,,,,ACEITE DE ALMENDRAS-UREA-VIT.B5 TUBO CREMA C/125GR,1550,,,
,100,,,,METFORMINA 750MG LIB. PROL. C/30 TAB.,2711,,,
,70,,,,VITAMINAS PRENATALES C/28 CAP.,1754,,,
,5,,,,NAN SIN LACTOSA FORMULA LACTEA EXCENTA DE LACTOSA LATA PVP. C/400GR,2624,,,
,5,,,,SUPLEMENTO DE AMINOACIDOS Y CALORIAS POLVO SOBRE C/110GR,1733,,,
,16,,,,FENTERMINA 15MG C/30 TAB.,2964,,,
,16,,,,RIFAXIMINA 200MG C/12 GRAGEAS,1716,,,
,1,,,,MISOPROSTOL 200MCG C/28 TAB.,194,,,
,1,,,,RIFAXIMINA 100/5ML SUSP. FCO. C/60ML,380,,,
,6,,,,ALPRAZOLAM 1MG C/30 COMP. (II),1448,,,
,10,,,,ISOCONAZOL TUBO CREMA C/40GR Y 7 APLICADORES,433,,,
,10,,,,DILTIAZEM 60MG C/30 COMPS.,82,,,
,24,,,,METRONIDAZOL + MICONAZOL 750MG/200MG C/7 OVULOS VAGINALES,1263,,,
,35,,,,POLIMIXINA B + NEOMICINA + LIDOCAINA SOL. ORAL FCO. SPRAY C/20ML,21,,,
,20,,,,FLUNARIZINA 10MG C/20 TAB.,607,,,
,1,,,,LIDOCAINA + PRILOCAINA CREMA C/30GR.,1210,,,
,30,,,,LEVOTIROXINA SODICA + LIOTIRONINA 100MCG/20MCG C/50 TAB.,622,,,
,17,,,,SALBUTAMOL 5MG/ML SOL. NEBUL. FCO. C/10ML,866,,,
,9,,,,DILTIAZEM 90MG C/20 TAB.,28,,,
,22,,,,SULFASALAZINA 500MG C/60 GRAGEAS,47,,,
,1,,,,HALOPERIDOL 10MG C/20 TAB.,1421,,,
,13,,,,CLINDAMICINA SOL. TOPICA FCO C/30ML,261,,,
,6,,,,ISOCONAZOL 600MG C/1 OVULO,434,,,
,4,,,,PREDNISOLONA 100MG SOL. FCO. C/100ML,388,,,
,4,,,,FLUTICASONA 0.5MG/2ML C/10 AMP.,1069,,,
,27,,,,ERGOTAMINA + ACIDO ACETILSALICILICO + CAFEINA 1MG/400MG/50MG C/36 TAB. (II),773,,,
,30,,,,DEXKETOPROFENO TROMETAMOL 25MG C/10 TAB.,1241,,,
,21,,,,CIPROFLOXACINO + HIDROCORTISONA + LIDOCAINA SOL. OTICA GOTAS,2789,,,
,10,,,,TRINITRATO DE GLICERILO 36MG x PARCHE (10MG/24 hrs C/7),2144,,,
,32,,,,ESPIRONOLACTONA + FUROSEMIDA 50MG/20MG C/16 CAP.,483,,,
,6,,,,HIDROSMINA 200MG C/20 CAP.,1730,,,
,4,,,,LEVOCETIRIZINA SOL. INFANTIL C/150ML,2735,,,
,6,,,,FELODIPINO + METOPROLOL 5/47.5MG C/14 TAB.,1176,,,
,20,,,,ITOPRIDA 50MG C/30 TAB.,2747,,,
,10,,,,ERDOSTEINA 300MG C/20 CAP.,1820,,,
,100,,,,LEVOTIROXINA SODICA 100MCG C/50 TAB.,502,,,
,1,,,,DIPROPIONATO DE BETAMETASONA Y FOSFATO D 5MG/2MG JER. PRELLENADA DE 1ML,2851,,,
,6,,,,HIALUNARATO DE SODIO 4.0MG D.U. C/20 ENVASES DE 0.5ML,1112,,,
,24,,,,TOPIRAMATO 25MG C/28 TAB.,2578,,,
,50,,,,ACIDO URSODESOXICOLICO 250MG C/50 CAP.,861,,,
,10,,,,CLONIXITATO DE LISINA + CICLOBENZAPRINA 125/5 C/20 TAB.,2307,,,
,15,,,,ACIDO VALPROICO 250MG C/30 CAP.,264,,,
,70,,,,VITAMINAS + HIERRO C/36 TAB.,111,,,
,14,,,,TOBRAMICINA 3MG/1ML SOL. OFT. FCO. C/5ML,2677,,,
,35,,,,TRINITRATO DE GLICERILO 18MG x PARCHE (5MG/24 Hrs C/7),2143,,,
,32,,,,PROPAFENONA 150MG C/30 TAB.,626,,,
,1,,,,VALPROATO DE MAGNESIO 200MG/1ML SUSP. FCO C/40ML,2839,,,
,25,,,,ACIDO VALPROICO JARABE 250MG C/120ML,290,,,
,7,,,,TRITICUM VULGARE FENOXIETANOL CREMA UNGUENTO C/30GR,1258,,,
,5,,,,TESTOSTERONA 250MG/1ML C/1 AMP.,2882,,,
,1,,,,HIDROQUINONA CREMA AL 4% TUBO C/30GR,317,,,
,100,,,,ESPORAS DE BACILLUS CLAUSII 2 BILLONES UFC C/20 AMP.,1126,,,
,22,,,,TIZANIDINA 2MG C/20 TAB.,787,,,
,18,,,,LORAZEPAM 2MG C/40 TAB. (II),575,,,
,70,,,,ETINILESTRADIOL + DROSPIRENONA 0.03MG/3.0MG C/21 GRAGEAS,899,,,
,23,,,,CICLESONIDA 50MCG SPRAY NASAL C/120 DOSIS,3009,,,
,10,,,,ETAMSILATO 500MG C/20 COMP.,272,,,
,10,,,,L-ORNITINA + L-ASPARTATO 3GR C/10 SOBRES GRANULADOS,432,,,
,80,,,,NUTRICION COMPLETA Y BALANCEADA CON FRUCTOOLISACARIDOS CUALQUIER SABOR LATA EN POLVO C/400GR,2557,,,
,2,,,,FENOBARBITAL 100MG C/40 TAB. (II),579,,,
,5,,,,DEXPANTENOL 5% TUBO GEL C/10GR,1006,,,
,35,,,,FEXOFENADINA + FENILEFRINA 60MG/25MG C/10 TAB.,2579,,,
,200,,,,DIOSMINA + HESPERIDINA 500MG C/20 TAB.,2485,,,
,12,,,,HIDROXOCABALAMINA TIAMINA PIRIDOXINA C/5 AMP. Y JER.,2861,,,
,20,,,,RESINA DE COLESTIRAMINA 9GR C/10 SOBRES,722,,,
,10,,,,MOMETASONA 1% UNG?ENTO TOPICO TUBO C/30GR,319,,,
,2,,,,CLOBAZAM 10MG C/30 TAB.,581,,,
,10,,,,CLINDAMICINA + KETOCONAZOL 800/100MG C/3 TAB. VAGINALES,1029,,,
,20,,,,CLOBETASOL 0.050% TUBO C/30GR,227,,,
,20,,,,HIDROXICINA 10MG C/30 TAB.,102,,,
,1,,,,CLORMADINONA 2MG C/20 TAB.,493,,,
,15,,,,ETINILESTRADIOL + DROSPIRENONA 3MG 24/4 C/28 COMP.,2741,,,
,20,,,,MINOCICLINA 100MG MICROGRANULOS C/10 CAP. ,552,,,
,25,,,,OXIBUTININA 5MG C/30 TAB.,615,,,
,20,,,,ENANTATO DE PRASTERONA + VALERATO DE ESTRADIOL 200MG/4MG C/1 JER. PRELLENADA DE 1ML,138,,,
,250,,,,BROMURO PINAVERIO/DIMETICONA 100/300MG C/16 CAP.,1304,,,
,43,,,,BISOPROLOL 1.25MG C/30 GRAGEAS,252,,,
,25,,,,INSULINA HUMANA NPH CARTUCHO 100UI C/2X3ML,421,,,
,20,,,,MOSAPRIDA 5MG C/30 COMP.,1656,,,
,5,,,,VERAPAMILO 180MG C/15 TAB.,275,,,
,10,,,,INSULINA HUMANA 70/30 CARTUCHO C/300U C/2X3ML,427,,,
,1,,,,FOSFOMICINA 500MG C/12 CAP.,2242,,,
,60,,,,NORELGESTROMINA + ETINILESTRADIOL C/3 PARCHES TRASDERMICO,1922,,,
,7,,,,LUTENIA + ZEAXANTINA SUPLEMENTO ALIMENTICIO DE LIB PROLONGADA 57GR C/60 TAB.,926,,,
,10,,,,PIPERIDOLATO 100MG C/30 GRAGEAS,258,,,
,10,,,,NUTRAMIGEN PREMIUM LATA C/357GR,329,,,
,328,,,,TRAMADOL + PARACETAMOL 37.5/325MG C/20 TAB.,836,,,
,1,,,,LISINA + MONOCLORHIDRATO POTASIO + CLORURO + BICARBONATO C/50 TAB. EFER.,254,,,
,1,,,,HIALUNORATO DE SODIO + SULFATO DE CODROINTIN SOL. OFT.,1627,,,
,35,,,,TROXERUTINA + CUMARINA 180MG/30MG C/30 GRAGEAS,1075,,,
,23,,,,OXIMETAZOLINA + ALCOHOL POLIVINILICO 0.25MG SOL. OFT. FCO. C/10ML,659,,,
,8,,,,CLEBOPRIDA 500MG C/30 COMP.,2914,,,
,200,,,,DEXLANSOPRAZOL 30MG C/14 CAP.,2953,,,
,1,,,,HIDROQUINONA SILICATO DE MAGNESIO 4% TUBO CREMA C/30GR,1091,,,
,9,,,,AZATIOPRINA 50MG C/50 TAB.,51,,,
,5,,,,WARFARINA SODICA 5MG C/30 TAB.,196,,,
,30,,,,FEXOFENADINA 6MG/ML SUSP. FCO. C/150ML,2553,,,
,6,,,,SULFATO DE AMANTADINA 100MG C/30 TAB.,703,,,
,9,,,,MONTELUKAST SODICO 4MG C/10 TAB.,1143,,,
,1,,,,BROMURO DE IPRATROPIO 250MCG/ML SOL. NEBUL. FCO. C/20ML,41,,,
,12,,,,NIMODIPINO 30MG C/30 TAB.,470,,,
,4,,,,ESTRADIOL + NORGESTREL 2MG/0.5MG C/21 GRAGEAS (11 BLANCAS Y 10 COLOR),682,,,
,2,,,,DILTIAZEM 240MG C/10 TAB.,103,,,
,22,,,,NEOMICINA + POLIMIXINA B + DEXAMETASONA UNGUENTO OFTALMICO TUBO C/3.5GR,526,,,
,1,,,,RIFAMPICINA + ISONIASIDA 200MG/150MG C/24 CAP.,732,,,
,4,,,,MICONAZOL 2% TUBO GEL ORAL C/78GR,259,,,
,30,,,,ALMOTRIPTAN 12.5MG C/2 COMP.,2942,,,
,10,,,,HIDROCORTISONA 1GR/100ML FCO. LOCION C/120ML,624,,,
,4,,,,FLUTICASONA 250MCG FCO. PRESURIZADO C/60 DOSIS,360,,,
,10,,,,VALPROATO DE MAGNESIO 500MG C/20 TAB.,37,,,
,1,,,,METILFENIDATO 20MG C/30 CAP.,1779,,,
,10,,,,OXCARBAZEPINA 60MG/1ML SUSP. C/100ML,1033,,,
,7,,,,ADAPALENE 1% CREMA C/30GR,1552,,,
,18,,,,CLARITROMICINA + AMBROXOL 500MG/45MG C/10 TAB.,2731,,,
,5,,,,REPAGLINIDA 2MG C/30 COMP.,1042,,,
,10,,,,METRONIDAZOL .75% TUBO GEL C/30GR,567,,,
,49,,,,TELMISARTAN 40MG C/28 TAB.,968,,,
,27,,,,ACIDO TIAPROFENICO 300MG C/30 COMP.,772,,,
,20,,,,FLUCONAZOL+ TINIDAZOL 37.5MG/500MG C/4 TAB.,1262,,,
,10,,,,BETAMETASONA LOCION CAPILAR FCO. C/50ML,120,,,
,11,,,,"PANCREATINA + LIPASA + AMILASA + PROTEASA 10,000UI C/50 CAP.",193,,,
,500,,,,INSULINA GLARGINA JER. DESECHABLE PRECARGADA (300 UI/ml) C/3ML,2919,,,
,2,,,,FLUTICASONA 50MCG SPRAY C/120 DOSIS ,2491,,,
,1,,,,BUFLOMEDIL 150MG C/30 TAB.,508,,,
,15,,,,DICLOFENACO + COLESTIRAMINA 140MG C/20 CAP.,2548,,,
,46,,,,BISOPROLOL 2.5MG C/30 GRAGEAS,206,,,
,16,,,,CIPROFLOXACINO + DEXAMETASONA 3MG/1MG/ML FCO. C/5ML,2697,,,
,10,,,,POLIETILENGLICOL + BICAR. SODICO + CL SODIO + CL DE POTASIO POLVO 109.6GR C/4 SOBRES,623,,,
,2,,,,MESALAZINA 1GR C/14 SUP.,969,,,
,1,,,,AZELASTINA SOL. OFT. 0.05% FCO. C/5ML,61,,,
,2,,,,BETAMETASONA LOCION FCO. SUSP. C/100ML,119,,,
,2,,,,BICALUTAMIDA 50MG C/28 TAB.,2870,,,
,50,,,,MOMETASONA 0.05% SPRAY NASAL PED. C/10ML Y 60 NEBUL.,735,,,
,1,,,,RIFAMPICINA + ISONIAZIDA + PIRAZINAMIDA 150MG/75MG/400MG C/24 GRAGEAS,731,,,
,18,,,,NEOMICINA + POLIMIXINA B + DEXAMETASONA SUSP. OFT. FCO. C/5ML,527,,,
,20,,,,POLIETILENGLICOL+ PROPILENGLICOL GOTAS OFT. FCO. C/15ML,996,,,
,5,,,,BUDESONIDA + FORMOTEROL 80MG/4.5MCG SPRAY,1782,,,
,5,,,,NEPAFENACO 1.0MG SOL. OFT. GOTAS C/5ML,2072,,,
,20,,,,PROGESTERONA 100MG C/30 PERLAS,1492,,,
,7,,,,CLORHIDRATO DE BETAXOLOL 2.5GR SUSP OFT.  C/5ML,121,,,
,5,,,,ACIDO POLIACRILICO GEL OFTALMICO TUBO C/10GR,879,,,
,1,,,,SERENOA REPENS 160MG C/40 CAP.,860,,,
,6,,,,CITICOLINA 500MG C/10 COMP.,2632,,,
,20,,,,ESOMEPRAZOL 10MG C/28 SOBRES GRANULADOS,2281,,,
,1,,,,DEXTRANOMERO FCO. C/25GR,1507,,,
,2,,,,DICLOFENACO + CODEINA 50MG/50MG C/20 TAB.,2960,,,
,14,,,,NITROFURANTOINA 50MG C/40 CAP.,523,,,
,38,,,,CARBAMAZEPINA 400MG C/20 GRAGEAS,815,,,
,1,,,,ALFARE POLVO LATA C/400GR,2469,,,
,10,,,,LIOFILIZADO ESTANDARIZADO DE LISADO BACTERIANOS INFANTIL 3.5MGS. C/10 CAP.,135,,,
,1,,,,MIDAZOLAM 7.5 C/30 COMP. (II),312,,,
,21,,,,MESALAZINA 500MG C/40 GRAGEAS,1533,,,
,146,,,,CARBOXIMETILCELULOSA SODICA 0.5% SOL. OFT. GOTAS C/15ML,754,,,
,60,,,,SAXAGLIPITINA + METFORMINA 2.5MG/1000MG C/28 TAB.,2926,,,
,2,,,,GLICERINA + POLISORBAPO 1%/80al1% SOL. OFT. C/20 ENVASES UNIDOSIS DE 0.4ML,2251,,,
,3,,,,FLUVOXAMINA 100MG C/15 GRAGEAS,516,,,
,4,,,,CINOSTAZOL 100MG C/30 TAB.,2949,,,
,10,,,,INDOMETACINA 50MG C/28 CAP.,525,,,
,1,,,,CIPROFLOXACINO SUSP. 250MG/5ML,245,,,
,5,,,,VERAPAMILO + TRANDOLAPRIL 180MG/2MG LIB. PROL. C/15 TAB.,1567,,,
,1,,,,FLAVOXATO 200MG C/20 GRAGEAS,123,,,
,1,,,,GATIFLOXACINA FCO. GOTERO C/5ML,1050,,,
,17,,,,CLOBETASOL 0.044GR TUBO C/40GR,1238,,,
,50,,,,DIACEREINA 50MG C/30 CAP.,226,,,
,10,,,,LIOFILIZADO ESTANDARIZADO DE LISADOS BACTERIANOS CAPSULAS ADULTOS 7MG C/10 CAP.,1795,,,
,70,,,,METFORMINA + VILDAGLIPTINA 50MG/500MG C/30 COMP. RECUBIERTOS,1968,,,
,3,,,,PARECOXIB SODICO 40MG/2ML INY. C/2 AMP.,1481,,,
,50,,,,LAMOTRIGINA 50MG /28 TAB.,1774,,,
,10,,,,MOXIFLOXACINO 0.5% SOL. OFT. FCO C/5ML,880,,,
,9,,,,CLINDAMICINA + PEROXIDO DE BENZOILO 5GR/100GR EN 100GR TUBO GEL C/30GR,449,,,
,7,,,,PARACETAMOL + CODEINA 500MG/30MG C/30 CAP. (II),596,,,
,9,,,,KETANSERINA + METRONIDAZOL + MICONAZOL 36MG C/10 OVULOS,2245,,,
,88,,,,DAPAGLIFOZINA 10MG C/14 TAB.,2952,,,
,8,,,,CLORMADINONA 5MG C/20 TAB.,494,,,
,96,,,,SITAGLIPTINA 100MG C/14 COMP.,456,,,
,47,,,,TELMISARTAN 80MG C/ 28 TAB.,2575,,,
,5,,,,BRINZOLAMIDA 1% SUSP. OFT. FCO. C/5ML,46,,,
,20,,,,BISOPROLOL 5MG C/30 GRAGEAS,1160,,,
,5,,,,CEFUROXIMA 500MG C/10 TAB.,1488,,,
,10,,,,TIZANIDINA 6MG LIB. PROL. C/10 CAP.,2979,,,
,14,,,,EPINASTINA 0.05% SOL. FCO. GOTERO C/5ML,2427,,,
,20,,,,RISPERIDONA 1MG C/20 TAB.,1024,,,
,45,,,,INSULINA LISPRO + PROTAMINA 2X3ML C/300 UNIDADES,420,,,
,8,,,,CARVEDILOL 25MG C/14 TAB.,2594,,,
,10,,,,CEFTIBUTEN 36MG/ML SUSP. FCO C/30ML,167,,,
,1,,,,INDOBUFENO 200MG C/30 TAB.,983,,,
,5,,,,OLOPATADINA 0.2% SOL. OFT. C/2.5ML,666,,,
,63,,,,ETORICOXIB 120MG C/7 COMP.,941,,,
,1,,,,CICLOSPORINA 0.1% GOTAS OFT. C/5ML,3011,,,
,27,,,,CABERGOLINA 0.5MG C/2 TAB.,282,,,
,15,,,,TRIAMCINOLONA 56.10MG SUSP. FCO C/16.5ML,610,,,
,9,,,,ESTRADIOL + DROSPIRENONA 1MG/2MG C/28 COMPS. RECUB.,1375,,,
,18,,,,PRUCALOPRIDA 2MG C/14 COMP.,2930,,,
,10,,,,KETANSERINA + BENZOCAINA 2% TUBO GEL C/78GR,798,,,
,15,,,,BUDESONIDA + FORMOTEROL 160MG/4.5MCG SPRAY,782,,,
,1,,,,ALFADIHIDROERGOCRIPTINA 10MG C/20 TAB.,979,,,
,1,,,,ESTRADIOL 2MG + ACETATO D C/28 TAB.,180,,,
,13,,,,CEFIXIMA DE 200MG C/12 CAP.,1335,,,
,5,,,,MIRTAZAPINA 30MG C/12 TAB. DISP.,740,,,
,23,,,,BETAHISTINA 24MG C/30 TAB.,2931,,,
,160,,,,"SULFATO DE GLUCOSAMINA + SULFATO DE CONDROITIN 1,500MGS/1,200MGS C/15 SOBRES",2576,,,
,20,,,,IPRATROPIO + SALBUTAMOL 20MCG/100MCG SUSP. AEROSOL FCO. C/120 DOSIS,186,,,
,1,,,,APOSITO HIDROCOLOIDE EXTRA DELGADO 10X10 C/10 PARCHES,1035,,,
,13,,,,AZILSARTAN MEDOXOMILO 40MG C/28 TAB.,2946,,,
,10,,,,VALPROATO DE MAGNESIO 600MG C/30 TAB.,38,,,
,7,,,,BIMATOPROST GOTAS 0.03% SOL. OFT. C/3ML,1058,,,
,1,,,,DIPIRIDAMOL 75MG C/36 GRAGEAS,671,,,
,2,,,,PIRACETAM 800MG C/30 TAB.,971,,,
,15,,,,DORZOLAMIDA + TIMOLOL GOTAS OFT. FCO. C/5ML,251,,,
,1,,,,SERTINDOL 4MG C/10 TAB.,2180,,,
,46,,,,BRIMONIDINA + TIMOLOL 0.2%/0.5% SOL. OFT. FCO. C/5ML,225,,,
,23,,,,PRASUGREL 10MG C/14 TAB.,2900,,,
,30,,,,EBASTINA 20MG C/30 OBLEAS,1053,,,
,7,,,,BROMURO DE IPRATROPIO 20MCG SUSP. AEROSOL C/200 DOSIS EN 10ML,62,,,
,2,,,,BUDESONIDA 3MG C/50 CAP.,2904,,,
,11,,,,TRAVOPROST 40MCG SOL. OFT. FCO. C/2.5ML,830,,,
,8,,,,NICERGOLINA 30MG C/20 GRAGEAS,767,,,
,4,,,,MESALAZINA 1GR C/30 SOBRES GRANULADOS,1526,,,
,20,,,,CLEBOPRIDA + SIMETICONA C/45 CAP.,2950,,,
,11,,,,BUDESONIDA + FORMOTEROL 320MG/9MCG C/60 DOSIS (POLVO),802,,,
,13,,,,MOXIFLOXACINO + DEXAMETASONA SOL. OFT. GOTAS FCO C/5ML,2923,,,
,2,,,,MODAFINILO 200MG C/14 TAB.,2614,,,
,25,,,,BRIMONIDINA + TIMOLOL + DORSOLAMINA 20/5/2ML SOL. OFT. C/5ML,1546,,,
,4,,,,PREDNISOLONA 3.0MG/ML SOL. PED. C/120ML,1099,,,
,23,,,,CICLOPIROX 8% SOL. C/3ML,1377,,,
,20,,,,AZILSARTAN MEDOXOMILO + CLORTALIDONA 40/12.5 C/28 TAB.,2944,,,
,30,,,,CEFIXIMA 100MG/5ML SUSP. ORAL C/100ML,1135,,,
,3,,,,FORMOTEROL + BECLOMETASONA FCO. SPRAY C/120 DOSIS,3018,,,
,5,,,,TACROLIMUS 1MG C/50 TAB.,2894,,,
,20,,,,VALPROATO SEMISODICO ER 500MG LIB. PROL. C/30 TAB.,2193,,,
,15,,,,VALPROATO SEMISODICO 500MG LIB. RET. C/30 COMP.,337,,,
,10,,,,ESTRADIOL + TRIMEGESTONA CONTINUO 1MG/.125MG C/28 GRAGEAS,842,,,
,10,,,,ESTRADIOL + TRIMEGESTONA SECUENCIAL 1MG/.250MG C/28 GRAGEAS,843,,,
,29,,,,ACIDO TIOCTICO 600MG C/30 TAB.,848,,,
,18,,,,MOXIFLOXACINO 400MG C/7 TAB.,86,,,
,21,,,,PIMECROLIMUS 1% CREMA C/30GR,348,,,
,21,,,,L-TARTRATO DE TOLTERODINA 2MG C/28 TAB.,2863,,,
,9,,,,INDACATEROL 150MG C/30 CAP.,2918,,,
,2,,,,GLIBENCLAMIDA + METFORMINA 5MG/1000MG C/40 TAB.,790,,,
,1,,,,TIMOLOL + LATANOPROST GOTAS OFT. C/2.5ML,1374,,,
,39,,,,ESTROGENOS CONJUGADOS DE ORIGEN EQUINO TUBO C/43GR,679,,,
,5,,,,ATOMOXETINA 40MG C/14 CAP.,807,,,
,11,,,,ISOTRETINOINA 10MG C/30 CAP.,2412,,,
,6,,,,ATOMOXETINA 18MG C/14 CAP.,804,,,
,4,,,,ATOMOXETINA 10MG C/14 CAP.,1034,,,
,3,,,,NEOCATE POLVO C/400GR,2454,,,
,8,,,,ATOMOXETINA 25MG C/14 CAP.,794,,,
,7,,,,ATOMOXETINA 60MG C/14 CAP.,966,,,
,6,,,,BIMATOPROST + TIMOLOL 0.03%/0.05% SOL. OFT. C/3ML,1793,,,
,65,,,,ESCITALOPRAM 10MG C/28 TAB.,497,,,
,10,,,,SALMETEROL + FLUTICASONA 50/100MCG SOL. INHAL C/60 DOSIS,2493,,,
,1,,,,5 FLUOROURACILO CREMA DE 5% TUBO C/20GR,2759,,,
,152,,,,ETORICOXIB 90MG C/14 COMP.,965,,,
,7,,,,PRAMIPEXOL 0.5MG C/30 TAB.,2411,,,
,2,,,,TRAVOPROST + TIMOLOL .04MG/1.0ML FCO.GOTERO C/2.5ML,2560,,,
,23,,,,BROMURO DE TIOTROPIO 18MCG C/20 CAP.,777,,,
,10,,,,TERAZOSINA 5MG C/30 TAB.,9,,,
,7,,,,DIPROPINATO DE BETAMETASONA + CALCIPOTRIOL 5MG/50MG TUBO UNGUENTO C/30GR,1026,,,
,1,,,,CALCITRIOL CREMA UNGUENTO TUBO 0.3MG C/30GR,1268,,,
,200,,,,PREGABALINA 75MG C/28 CAP.,512,,,
,13,,,,SALMETEROL + FLUTICASONA 25MCG/50MCG 12GR FCO. C/120 DOSIS,786,,,
,54,,,,GLIMEPERIDINA + METFORMINA 1000MG/4MG C/16 TAB.,1868,,,
,34,,,,INSULINA LISPRO C/1000 UNIDADES,419,,,
,100,,,,FENOFIBRATO 160MG C/30 CAP.,1190,,,
,30,,,,MICOFENOLATO DE MOFELITO 500MG C/50 TAB.,1648,,,
,1,,,,CLOMIPRAMINA 25MG C/30 GRAGEAS,2216,,,
,20,,,,ENOXAPARINA SODICA 40MG/0.4ML C/2 JER.S PRELLENADAS,179,,,
,7,,,,BACLOFENO 10MG C/100 TAB.,2980,,,
,7,,,,AZILSARTAN MEDOXOMILO 80MG C/28 TAB.,2947,,,
,14,,,,SALMETEROL + FLUTICASONA 25/125 FCO.,2468,,,
,6,,,,SALMETEROL + FLUTICASONA 50MCG/500MG FCO. C/60 DOSIS,2738,,,
,18,,,,MEMANTINA 10MG C/28 TAB.,83,,,
,1,,,,ROFLUMILAST 500MCG C/30 TAB.,2940,,,
,12,,,,CEFTIBUTEN 400MG C/10 CAP.,168,,,
,4,,,,DECANOATO DE FLUPENTIXOL 20MG C/1 AMP. DE 2ML (III),580,,,
,2,,,,AMISULPRIDA 400MG C/7 TAB. ,788,,,
,1,,,,LISURIDA 0.2MG C/28 TAB.,281,,,
,25,,,,AZILSARTAN MEDOXOMILO + CLORTALIDONA 80/12.5 C/28 TAB.,2948,,,
,6,,,,BROMURO DE TIOTROPIO C/30 CAP. + DISPOSITIVO DOSIFICADOR,2878,,,
,13,,,,INSULINA ASPARTICA ADN RECOM 100UI/1ML 3ML C/5 CARTUCHO,1211,,,
,6,,,,DIAZEPAM + DEXTROPROPOXIFENO + PARACETAMOL C/20 TAB. (II),590,,,
,5,,,,DESMOPRESINA 10MCG C/25 DOSIS POR FCO SPRAY,2813,,,
,4,,,,ARIPIPRAZOL 15MG C/10 TAB.,50,,,
,200,,,,VALSARTAN + AMLODIPINO 160/5MG C/28 TAB.,1924,,,
,23,,,,EZETIMIBA 10MG C/28 TAB.,909,,,
